{"$type":"List`1","$values":[{"$id":"1","$type":"ProjectOptionEntry","key":"NetworkCollapsed","context":"{2232342-1574}","value":false},{"$id":"2","$type":"ProjectOptionEntry","key":"RestoreNetworkStates","context":"{2232321-1563}","value":true},{"$id":"3","$type":"ProjectOptionEntry","key":"NetworkCollapsed","context":"{2232342-1678}","value":false},{"$id":"4","$type":"ProjectOptionEntry","key":"NetworkCollapsed","context":"{2232342-1691}","value":false},{"$id":"5","$type":"ProjectOptionEntry","key":"RestoreNetworkStates","context":"{2232321-1688}","value":true},{"$id":"6","$type":"ProjectOptionEntry","key":"NetworkCollapsed","context":"{2232342-1692}","value":false},{"$id":"7","$type":"ProjectOptionEntry","key":"NetworkCollapsed","context":"{2232342-1701}","value":false},{"$id":"8","$type":"ProjectOptionEntry","key":"NetworkCollapsed","context":"{2232342-1708}","value":false},{"$id":"9","$type":"ProjectOptionEntry","key":"NetworkCollapsed","context":"{2232342-1745}","value":false},{"$id":"10","$type":"ProjectOptionEntry","key":"NetworkCollapsed","context":"{2232342-1762}","value":false},{"$id":"11","$type":"ProjectOptionEntry","key":"NetworkCollapsed","context":"{2232342-1764}","value":false},{"$id":"12","$type":"ProjectOptionEntry","key":"NetworkCollapsed","context":"{2232342-2095}","value":false},{"$id":"13","$type":"ProjectOptionEntry","key":"RestoreNetworkStates","context":"{2232321-2088}","value":true},{"$id":"14","$type":"ProjectOptionEntry","key":"NetworkCollapsed","context":"{2232342-2096}","value":false},{"$id":"15","$type":"ProjectOptionEntry","key":"NetworkCollapsed","context":"{2232342-2111}","value":false},{"$id":"16","$type":"ProjectOptionEntry","key":"NetworkCollapsed","context":"{2232342-2127}","value":false},{"$id":"17","$type":"ProjectOptionEntry","key":"NetworkCollapsed","context":"{2232342-2138}","value":false},{"$id":"18","$type":"ProjectOptionEntry","key":"NetworkCollapsed","context":"{2232342-2145}","value":false},{"$id":"19","$type":"ProjectOptionEntry","key":"NetworkCollapsed","context":"{2232342-2169}","value":false},{"$id":"20","$type":"ProjectOptionEntry","key":"NetworkCollapsed","context":"{2232342-2171}","value":false},{"$id":"21","$type":"ProjectOptionEntry","key":"NetworkCollapsed","context":"{2232342-2173}","value":false},{"$id":"22","$type":"ProjectOptionEntry","key":"NetworkCollapsed","context":"{2232342-3124}","value":false},{"$id":"23","$type":"ProjectOptionEntry","key":"RestoreNetworkStates","context":"{2232321-3121}","value":true},{"$id":"24","$type":"ProjectOptionEntry","key":"NetworkCollapsed","context":"{2232342-3125}","value":false},{"$id":"25","$type":"ProjectOptionEntry","key":"NetworkCollapsed","context":"{2232342-3138}","value":false},{"$id":"26","$type":"ProjectOptionEntry","key":"NetworkCollapsed","context":"{2232342-3139}","value":false},{"$id":"27","$type":"ProjectOptionEntry","key":"NetworkCollapsed","context":"{2232342-3152}","value":false},{"$id":"28","$type":"ProjectOptionEntry","key":"NetworkCollapsed","context":"{2232342-3166}","value":false},{"$id":"29","$type":"ProjectOptionEntry","key":"RestoreNetworkStates","context":"{2232321-3163}","value":true},{"$id":"30","$type":"ProjectOptionEntry","key":"NetworkCollapsed","context":"{2232342-3167}","value":true},{"$id":"31","$type":"ProjectOptionEntry","key":"NetworkCollapsed","context":"{2232342-3190}","value":true},{"$id":"32","$type":"ProjectOptionEntry","key":"NetworkCollapsed","context":"{2232342-3220}","value":false},{"$id":"33","$type":"ProjectOptionEntry","key":"NetworkCollapsed","context":"{2232342-4152}","value":false},{"$id":"34","$type":"ProjectOptionEntry","key":"NetworkCollapsed","context":"{2232342-4157}","value":false},{"$id":"35","$type":"ProjectOptionEntry","key":"NetworkCollapsed","context":"{2232342-4160}","value":false},{"$id":"36","$type":"ProjectOptionEntry","key":"NetworkCollapsed","context":"{2232342-4162}","value":true},{"$id":"37","$type":"ProjectOptionEntry","key":"NetworkCollapsed","context":"{2232342-4231}","value":false},{"$id":"38","$type":"ProjectOptionEntry","key":"NetworkCommentCollapsed","context":"{2232342-4231}","value":false},{"$id":"39","$type":"ProjectOptionEntry","key":"NetworkCollapsed","context":"{2232342-4235}","value":false},{"$id":"40","$type":"ProjectOptionEntry","key":"NetworkCollapsed","context":"{2232342-4237}","value":false},{"$id":"41","$type":"ProjectOptionEntry","key":"NetworkCollapsed","context":"{2232342-4249}","value":false},{"$id":"42","$type":"ProjectOptionEntry","key":"NetworkCollapsed","context":"{2232342-4259}","value":false},{"$id":"43","$type":"ProjectOptionEntry","key":"LastSelection@Siemens.Simatic.PlcLanguages.PLFrame.BasicLanguageEditor","context":"{2232321-2088}","value":{"$id":"44","$type":"SessionState","NetworkStates":{"$id":"45","$type":"Dictionary`2","1":5},"FocusedComponent":4,"ComponentUndoState":{"$id":"46","$type":"FLGViewSessionState","SelectedElements":{"$type":"String[]","$values":["<?xml version=\"1.0\" encoding=\"utf-16\"?><Connector UId=\"-1\" FormalName=\"IN\" OwnerUId=\"23\" ParaNum=\"-1\" />"]},"RelevantSettings":null}}},{"$id":"47","$type":"ProjectOptionEntry","key":"NetworkCollapsed","context":"{2232342-5193}","value":false},{"$id":"48","$type":"ProjectOptionEntry","key":"NetworkCollapsed","context":"{2232342-7284}","value":false},{"$id":"49","$type":"ProjectOptionEntry","key":"NetworkCollapsed","context":"{2232342-7286}","value":false},{"$id":"50","$type":"ProjectOptionEntry","key":"LastSelection@Siemens.Simatic.PlcLanguages.PLFrame.BasicLanguageEditor","context":"{2232321-1563}","value":{"$id":"51","$type":"SessionState","NetworkStates":{"$id":"52","$type":"Dictionary`2","1":5},"FocusedComponent":4,"ComponentUndoState":{"$id":"53","$type":"FLGViewSessionState","SelectedElements":{"$type":"String[]","$values":["<?xml version=\"1.0\" encoding=\"utf-16\"?><Connector UId=\"-1\" FormalName=\"EN\" OwnerUId=\"25\" ParaNum=\"-1\" />"]},"RelevantSettings":null}}},{"$id":"54","$type":"ProjectOptionEntry","key":"LastSelection@Siemens.Simatic.PlcLanguages.PLFrame.BasicLanguageEditor","context":"{2232321-1688}","value":{"$id":"55","$type":"SessionState","NetworkStates":{"$id":"56","$type":"Dictionary`2","1":5},"FocusedComponent":4,"ComponentUndoState":{"$id":"57","$type":"FLGViewSessionState","SelectedElements":{"$type":"String[]","$values":["<?xml version=\"1.0\" encoding=\"utf-16\"?><Connector UId=\"-1\" FormalName=\"IN\" OwnerUId=\"23\" ParaNum=\"-1\" />"]},"RelevantSettings":null}}},{"$id":"58","$type":"ProjectOptionEntry","key":"LastSelection@Siemens.Simatic.PlcLanguages.PLFrame.BasicLanguageEditor","context":"{2232321-3163}","value":{"$id":"59","$type":"SessionState","NetworkStates":{"$id":"60","$type":"Dictionary`2","1":5},"FocusedComponent":4,"ComponentUndoState":{"$id":"61","$type":"FLGViewSessionState","SelectedElements":{"$type":"String[]","$values":["<?xml version=\"1.0\" encoding=\"utf-16\"?><Connector UId=\"-1\" FormalName=\"IN\" OwnerUId=\"23\" ParaNum=\"-1\" />"]},"RelevantSettings":null}}}]}